{
  "El_reference": -0.06795589637756347,
  "C": 3.7795517102269585e-11,
  "asc_amp_array": [
    -4.553115545680327e-12,
    -6.724612265480466e-11
  ],
  "init_threshold": 0.021770291590049715,
  "threshold_reset_method": {
    "params": {
      "a_spike": 0.006773973061657771,
      "b_spike": 25.72751020503581
    },
    "name": "three_components"
  },
  "th_inf": 0.021770291590049715,
  "spike_cut_length": 93,
  "init_AScurrents": [
    0.0,
    0.0
  ],
  "init_voltage": 0.0,
  "threshold_dynamics_method": {
    "params": {
      "b_voltage": 33.04840321195189,
      "a_spike": 0.006773973061657771,
      "b_spike": 25.72751020503581,
      "a_voltage": 13.157713400286113
    },
    "name": "three_components_exact"
  },
  "voltage_reset_method": {
    "params": {
      "a": 0.3780890504890757,
      "b": 0.011723023050375021
    },
    "name": "v_before"
  },
  "extrapolation_method_name": "endpoints",
  "dt": 5e-05,
  "voltage_dynamics_method": {
    "params": {},
    "name": "linear_forward_euler"
  },
  "El": 0.0,
  "asc_tau_array": [
    0.3333333333333333,
    0.01
  ],
  "R_input": 538485415.3647873,
  "AScurrent_dynamics_method": {
    "params": {},
    "name": "exp"
  },
  "AScurrent_reset_method": {
    "params": {
      "r": [
        1.0,
        1.0
      ]
    },
    "name": "sum"
  },
  "dt_multiplier": 10,
  "th_adapt": null,
  "coeffs": {
    "a": 1,
    "C": 1,
    "b": 1,
    "G": 1,
    "th_inf": 0.7889815884575677,
    "asc_amp_array": [
      1.0,
      1.0
    ]
  },
  "type": "GLIF"
}