{
  "El_reference": -0.07981990432739261,
  "C": 1.2082862271761535e-10,
  "asc_amp_array": [
    -9.51139682965434e-12,
    -3.28888582851233e-10
  ],
  "init_threshold": 0.0321810006314352,
  "threshold_reset_method": {
    "params": {
      "a_spike": 0.001515325507347829,
      "b_spike": 27.268425285313178
    },
    "name": "three_components"
  },
  "th_inf": 0.0321810006314352,
  "spike_cut_length": 107,
  "init_AScurrents": [
    0.0,
    0.0
  ],
  "init_voltage": 0.0,
  "threshold_dynamics_method": {
    "params": {
      "b_voltage": 66.92818378859869,
      "a_spike": 0.001515325507347829,
      "b_spike": 27.268425285313178,
      "a_voltage": 22.91759985091295
    },
    "name": "three_components_exact"
  },
  "voltage_reset_method": {
    "params": {
      "a": 0.3978732482286643,
      "b": 0.015530229152754836
    },
    "name": "v_before"
  },
  "extrapolation_method_name": "endpoints",
  "dt": 5e-05,
  "voltage_dynamics_method": {
    "params": {},
    "name": "linear_forward_euler"
  },
  "El": 0.0,
  "asc_tau_array": [
    0.3333333333333333,
    0.01
  ],
  "R_input": 300493092.280558,
  "AScurrent_dynamics_method": {
    "params": {},
    "name": "exp"
  },
  "AScurrent_reset_method": {
    "params": {
      "r": [
        1.0,
        1.0
      ]
    },
    "name": "sum"
  },
  "dt_multiplier": 10,
  "th_adapt": null,
  "coeffs": {
    "a": 1,
    "C": 1,
    "b": 1,
    "G": 1,
    "th_inf": 0.7669759648132177,
    "asc_amp_array": [
      1.0,
      1.0
    ]
  },
  "type": "GLIF"
}